{
    "screens":[
        {
            "ratio": 1.4316546762589928,
            "NamePos": [0, 6, 1, 4.05],
            "ScorePos": [2.9, 2.5, 1.5, 2.0],
            "DiffPos": [0, 2.9, 6, 2.55],
            "reference": ["iPadPro"]
        },
        {
            "ratio": 1.3333333333333333,
            "NamePos": [0, 5.3, 1, 3.75],
            "ScorePos": [2.9, 2.4, 1.5, 2.05],
            "DiffPos": [0, 2.75, 6, 2.45],
            "reference": ["iPad5"]
        }
    ]
}